,filename
FIT101,/home/loz/MSc/MSc_Project/final_code/component_objs/FIT101
LIT101,/home/loz/MSc/MSc_Project/final_code/component_objs/LIT101
MV101,/home/loz/MSc/MSc_Project/final_code/component_objs/MV101
P101,/home/loz/MSc/MSc_Project/final_code/component_objs/P101
P102,/home/loz/MSc/MSc_Project/final_code/component_objs/P102
AIT201,/home/loz/MSc/MSc_Project/final_code/component_objs/AIT201
AIT202,/home/loz/MSc/MSc_Project/final_code/component_objs/AIT202
AIT203,/home/loz/MSc/MSc_Project/final_code/component_objs/AIT203
FIT201,/home/loz/MSc/MSc_Project/final_code/component_objs/FIT201
MV201,/home/loz/MSc/MSc_Project/final_code/component_objs/MV201
P201,/home/loz/MSc/MSc_Project/final_code/component_objs/P201
P202,/home/loz/MSc/MSc_Project/final_code/component_objs/P202
P203,/home/loz/MSc/MSc_Project/final_code/component_objs/P203
P204,/home/loz/MSc/MSc_Project/final_code/component_objs/P204
P205,/home/loz/MSc/MSc_Project/final_code/component_objs/P205
P206,/home/loz/MSc/MSc_Project/final_code/component_objs/P206
DPIT301,/home/loz/MSc/MSc_Project/final_code/component_objs/DPIT301
FIT301,/home/loz/MSc/MSc_Project/final_code/component_objs/FIT301
LIT301,/home/loz/MSc/MSc_Project/final_code/component_objs/LIT301
MV301,/home/loz/MSc/MSc_Project/final_code/component_objs/MV301
MV302,/home/loz/MSc/MSc_Project/final_code/component_objs/MV302
MV303,/home/loz/MSc/MSc_Project/final_code/component_objs/MV303
MV304,/home/loz/MSc/MSc_Project/final_code/component_objs/MV304
P301,/home/loz/MSc/MSc_Project/final_code/component_objs/P301
P302,/home/loz/MSc/MSc_Project/final_code/component_objs/P302
AIT401,/home/loz/MSc/MSc_Project/final_code/component_objs/AIT401
AIT402,/home/loz/MSc/MSc_Project/final_code/component_objs/AIT402
FIT401,/home/loz/MSc/MSc_Project/final_code/component_objs/FIT401
LIT401,/home/loz/MSc/MSc_Project/final_code/component_objs/LIT401
P401,/home/loz/MSc/MSc_Project/final_code/component_objs/P401
P402,/home/loz/MSc/MSc_Project/final_code/component_objs/P402
P403,/home/loz/MSc/MSc_Project/final_code/component_objs/P403
P404,/home/loz/MSc/MSc_Project/final_code/component_objs/P404
UV401,/home/loz/MSc/MSc_Project/final_code/component_objs/UV401
AIT501,/home/loz/MSc/MSc_Project/final_code/component_objs/AIT501
AIT502,/home/loz/MSc/MSc_Project/final_code/component_objs/AIT502
AIT503,/home/loz/MSc/MSc_Project/final_code/component_objs/AIT503
AIT504,/home/loz/MSc/MSc_Project/final_code/component_objs/AIT504
FIT501,/home/loz/MSc/MSc_Project/final_code/component_objs/FIT501
FIT502,/home/loz/MSc/MSc_Project/final_code/component_objs/FIT502
FIT503,/home/loz/MSc/MSc_Project/final_code/component_objs/FIT503
FIT504,/home/loz/MSc/MSc_Project/final_code/component_objs/FIT504
P501,/home/loz/MSc/MSc_Project/final_code/component_objs/P501
P502,/home/loz/MSc/MSc_Project/final_code/component_objs/P502
PIT501,/home/loz/MSc/MSc_Project/final_code/component_objs/PIT501
PIT502,/home/loz/MSc/MSc_Project/final_code/component_objs/PIT502
PIT503,/home/loz/MSc/MSc_Project/final_code/component_objs/PIT503
FIT601,/home/loz/MSc/MSc_Project/final_code/component_objs/FIT601
P601,/home/loz/MSc/MSc_Project/final_code/component_objs/P601
P602,/home/loz/MSc/MSc_Project/final_code/component_objs/P602
P603,/home/loz/MSc/MSc_Project/final_code/component_objs/P603
